timestamp,symbol,long_exchange,short_exchange,spread_percent,fees_percent,funding_percent,net_percent,net_pnl_usd,capital_per_side
2025-12-30 18:18:56,TAKE/USDT:USDT,Gate,Bitget,0.3464,0.27,0.183,0.2594,0.1297,50
2025-12-30 18:23:05,SQD/USDT:USDT,Bitget,Gate,0.548,0.27,-0.2358,0.0422,0.0211,50
2025-12-30 18:24:42,ZBT/USDT:USDT,Bitget,Gate,0.4773,0.27,0.0516,0.2589,0.1294,50
2025-12-30 18:26:14,ZRX/USDT:USDT,Bitget,Bybit,2.2138,0.23,-0.4414,1.5424,0.7712,50
2025-12-30 18:27:02,PIPPIN/USDT:USDT,Bitget,Gate,0.5495,0.27,0.0578,0.3373,0.1687,50
2025-12-30 18:30:24,BEAT/USDT:USDT,Bitget,Bybit,0.6426,0.23,-0.0143,0.3984,0.1992,50
2025-12-30 18:35:57,SQD/USDT:USDT,Bitget,Gate,0.6185,0.27,-0.216,0.1325,0.0663,50
2025-12-30 18:37:38,ZBT/USDT:USDT,Bitget,Gate,0.4483,0.27,0.0522,0.2305,0.1152,50
2025-12-30 18:39:11,ZRX/USDT:USDT,Bitget,Bybit,2.3089,0.23,-0.4039,1.675,0.8375,50
2025-12-30 18:40:00,PIPPIN/USDT:USDT,Bitget,Gate,0.5142,0.27,0.0567,0.3009,0.1504,50
2025-12-30 18:43:30,BEAT/USDT:USDT,Bitget,Bybit,0.7027,0.23,-0.0298,0.4429,0.2214,50
2025-12-30 18:44:53,TAKE/USDT:USDT,Gate,Bitget,0.588,0.27,0.1588,0.4768,0.2384,50
2025-12-30 18:48:51,SQD/USDT:USDT,Bitget,Gate,0.6487,0.27,-0.1899,0.1888,0.0944,50
2025-12-30 18:50:30,ZBT/USDT:USDT,Bitget,Gate,0.4494,0.27,0.0522,0.2316,0.1158,50
2025-12-30 18:52:03,ZRX/USDT:USDT,Bitget,Bybit,2.4246,0.23,-0.2301,1.9645,0.9823,50
2025-12-30 18:52:52,PIPPIN/USDT:USDT,Bitget,Gate,0.5169,0.27,0.0705,0.3174,0.1587,50
2025-12-30 18:56:21,BEAT/USDT:USDT,Bitget,Gate,0.7145,0.27,-0.0097,0.4348,0.2174,50
2025-12-30 19:01:53,SQD/USDT:USDT,Bitget,Gate,0.6446,0.27,-0.17,0.2046,0.1023,50
2025-12-30 19:03:32,ZBT/USDT:USDT,Bitget,Gate,0.4526,0.27,0.0514,0.234,0.117,50
2025-12-30 19:05:05,ZRX/USDT:USDT,Bitget,Bybit,2.2504,0.23,-0.28,1.7404,0.8702,50
2025-12-30 19:05:52,PIPPIN/USDT:USDT,Bitget,Gate,0.529,0.27,0.0715,0.3305,0.1653,50
2025-12-30 19:09:22,BEAT/USDT:USDT,Bitget,Bybit,0.6987,0.23,-0.0397,0.429,0.2145,50
2025-12-30 19:09:39,LIT/USDT:USDT,Bitget,Gate,1.1554,0.27,-0.0039,0.8815,0.4408,50
2025-12-30 19:14:58,SQD/USDT:USDT,Bitget,Gate,0.5498,0.27,-0.1557,0.1241,0.0621,50
2025-12-30 19:16:37,ZBT/USDT:USDT,Bitget,Gate,0.3885,0.27,0.0518,0.1703,0.0851,50
2025-12-30 19:18:08,ZRX/USDT:USDT,Bitget,Bybit,2.7513,0.23,-0.9572,1.5641,0.782,50
2025-12-30 19:19:00,PIPPIN/USDT:USDT,Bitget,Gate,0.4868,0.27,0.0673,0.2841,0.1421,50
2025-12-30 19:22:28,BEAT/USDT:USDT,Bitget,Gate,0.7549,0.27,-0.0045,0.4804,0.2402,50
2025-12-30 19:22:43,LIT/USDT:USDT,Bitget,Gate,0.8536,0.27,0.0,0.5836,0.2918,50
2025-12-30 19:23:48,TAKE/USDT:USDT,Gate,Bitget,0.4198,0.27,0.1663,0.3161,0.1581,50
2025-12-30 19:28:19,WCT/USDT:USDT,Bitget,Bybit,0.3902,0.23,0.427,0.5871,0.2936,50
2025-12-30 19:29:29,ZBT/USDT:USDT,Bitget,Gate,0.3235,0.27,0.052,0.1055,0.0528,50
2025-12-30 19:31:07,ZRX/USDT:USDT,Bitget,Bybit,2.8868,0.23,-0.6602,1.9966,0.9983,50
2025-12-30 19:31:55,PIPPIN/USDT:USDT,Bitget,Gate,0.5049,0.27,0.0668,0.3017,0.1509,50
2025-12-30 19:35:24,BEAT/USDT:USDT,Bitget,Gate,0.702,0.27,0.0242,0.4562,0.2281,50
2025-12-30 19:36:45,TAKE/USDT:USDT,Gate,Bitget,0.5299,0.27,0.1643,0.4242,0.2121,50
2025-12-30 19:40:47,SQD/USDT:USDT,Bitget,Gate,0.5735,0.27,-0.1388,0.1647,0.0824,50
2025-12-30 19:41:16,WCT/USDT:USDT,Bitget,Bybit,0.3267,0.23,0.4297,0.5264,0.2632,50
2025-12-30 19:42:27,ZBT/USDT:USDT,Bitget,Gate,0.3872,0.27,0.0496,0.1668,0.0834,50
2025-12-30 19:44:00,ZRX/USDT:USDT,Bitget,Bybit,2.927,0.23,-0.3549,2.3422,1.1711,50
2025-12-30 19:44:49,PIPPIN/USDT:USDT,Bitget,Gate,0.5777,0.27,0.0605,0.3682,0.1841,50
2025-12-30 19:48:09,BEAT/USDT:USDT,Bitget,Gate,0.6393,0.27,0.0384,0.4077,0.2039,50
2025-12-31 04:31:43,PIPPIN/USDT:USDT,Bitget,Gate,0.4329,0.27,0.054,0.2169,0.1084,50
2025-12-31 06:15:36,TAKE/USDT:USDT,Gate,Bitget,0.604,0.27,0.1508,0.4848,0.2424,50
2025-12-31 06:15:52,WCT/USDT:USDT,Bitget,Bybit,0.3517,0.23,0.1061,0.2278,0.1139,50
2025-12-31 06:15:56,RIVER/USDT:USDT,Bitget,Bybit,1.2854,0.23,0.0555,1.1109,0.5554,50
2025-12-31 06:17:22,SQD/USDT:USDT,Bitget,Bybit,0.7595,0.23,-0.2929,0.2365,0.1183,50
2025-12-31 06:19:00,LIT/USDT:USDT,Bybit,Gate,0.5324,0.26,-0.0232,0.2492,0.1246,50
2025-12-31 06:20:20,PIPPIN/USDT:USDT,Bitget,Bybit,0.4834,0.23,-0.0045,0.2488,0.1244,50
2025-12-31 06:20:52,ZBT/USDT:USDT,Bitget,Gate,0.461,0.27,0.0565,0.2475,0.1237,50
2025-12-31 06:21:15,ZRX/USDT:USDT,Bitget,Gate,1.2479,0.27,0.1073,1.0852,0.5426,50
2025-12-31 06:26:58,BEAT/USDT:USDT,Bitget,Gate,0.7716,0.27,-0.0269,0.4747,0.2373,50
2025-12-31 06:31:13,TAKE/USDT:USDT,Gate,Bitget,0.3789,0.27,0.1475,0.2564,0.1282,50
2025-12-31 06:31:29,WCT/USDT:USDT,Bitget,Gate,0.3155,0.27,0.1246,0.1701,0.085,50
2025-12-31 06:31:32,RIVER/USDT:USDT,Bitget,Bybit,1.3116,0.23,-0.0011,1.0805,0.5402,50
2025-12-31 06:33:03,SQD/USDT:USDT,Bitget,Bybit,0.9594,0.23,-0.2854,0.4441,0.222,50
2025-12-31 06:34:45,LIT/USDT:USDT,Bybit,Bitget,0.4896,0.23,0.0,0.2596,0.1298,50
2025-12-31 06:36:05,PIPPIN/USDT:USDT,Bitget,Bybit,0.4591,0.23,0.0002,0.2293,0.1147,50
2025-12-31 06:37:05,ZRX/USDT:USDT,Bitget,Gate,1.2554,0.27,0.0836,1.069,0.5345,50
2025-12-31 06:43:00,BEAT/USDT:USDT,Bitget,Gate,0.584,0.27,-0.0333,0.2807,0.1403,50
2025-12-31 06:47:34,TAKE/USDT:USDT,Gate,Bitget,0.5762,0.27,0.1436,0.4498,0.2249,50
2025-12-31 06:47:54,RIVER/USDT:USDT,Bitget,Bybit,1.2649,0.23,-0.0683,0.9666,0.4833,50
2025-12-31 06:49:26,SQD/USDT:USDT,Bitget,Gate,1.0335,0.27,-0.0611,0.7024,0.3512,50
2025-12-31 06:51:09,LIT/USDT:USDT,Bybit,Bitget,0.4778,0.23,0.0,0.2478,0.1239,50
2025-12-31 06:52:28,PIPPIN/USDT:USDT,Bitget,Gate,0.5971,0.27,-0.0463,0.2808,0.1404,50
2025-12-31 06:53:26,ZRX/USDT:USDT,Bitget,Bybit,1.0386,0.23,0.0702,0.8787,0.4394,50
2025-12-31 06:59:05,BEAT/USDT:USDT,Bitget,Gate,0.5647,0.27,-0.0199,0.2748,0.1374,50
2025-12-31 07:03:34,TAKE/USDT:USDT,Gate,Bitget,0.5029,0.27,0.1462,0.3791,0.1895,50
2025-12-31 07:03:55,RIVER/USDT:USDT,Bitget,Bybit,1.0558,0.23,-0.2403,0.5855,0.2927,50
2025-12-31 07:05:26,SQD/USDT:USDT,Bitget,Bybit,0.7853,0.23,-0.2736,0.2818,0.1409,50
2025-12-31 07:07:08,LIT/USDT:USDT,Bybit,Bitget,0.5243,0.23,0.0,0.2943,0.1471,50
2025-12-31 07:08:26,NIGHT/USDT:USDT,Bitget,Gate,0.3413,0.27,0.0884,0.1597,0.0799,50
2025-12-31 07:08:27,PIPPIN/USDT:USDT,Bitget,Gate,0.6229,0.27,-0.0328,0.3201,0.16,50
2025-12-31 07:09:06,ZBT/USDT:USDT,Bitget,Gate,0.3512,0.27,-0.0088,0.0724,0.0362,50
2025-12-31 07:09:31,ZRX/USDT:USDT,Bitget,Bybit,0.8935,0.23,-0.0208,0.6427,0.3213,50
2025-12-31 07:13:58,POLYX/USDT:USDT,Bitget,Bybit,1.0672,0.23,-0.6455,0.1917,0.0958,50
2025-12-31 07:15:15,BEAT/USDT:USDT,Bitget,Gate,0.4734,0.27,0.0457,0.2491,0.1245,50
2025-12-31 07:19:31,TAKE/USDT:USDT,Gate,Bitget,0.535,0.27,0.1348,0.3998,0.1999,50
2025-12-31 07:19:49,RIVER/USDT:USDT,Bitget,Bybit,1.294,0.23,-0.2446,0.8194,0.4097,50
2025-12-31 07:21:11,SQD/USDT:USDT,Bitget,Bybit,0.7106,0.23,-0.2375,0.2431,0.1215,50
2025-12-31 07:22:47,LIT/USDT:USDT,Bybit,Bitget,0.4744,0.23,0.0,0.2444,0.1222,50
2025-12-31 07:23:33,ZKP/USDT:USDT,Bitget,Bybit,1.1121,0.23,-0.0228,0.8593,0.4296,50
2025-12-31 07:24:00,NIGHT/USDT:USDT,Bitget,Bybit,0.4236,0.23,0.0917,0.2853,0.1427,50
2025-12-31 07:24:01,PIPPIN/USDT:USDT,Bitget,Gate,0.5638,0.27,0.0057,0.2995,0.1498,50
2025-12-31 07:24:55,ZRX/USDT:USDT,Bitget,Gate,0.9238,0.27,0.0211,0.6749,0.3374,50
2025-12-31 07:29:10,POLYX/USDT:USDT,Bitget,Bybit,0.9927,0.23,-0.5735,0.1892,0.0946,50
2025-12-31 07:30:25,BEAT/USDT:USDT,Bitget,Bybit,0.571,0.23,-0.0632,0.2778,0.1389,50
2025-12-31 07:34:37,TAKE/USDT:USDT,Gate,Bitget,0.4738,0.27,0.1315,0.3353,0.1676,50
2025-12-31 07:34:57,RIVER/USDT:USDT,Bitget,Bybit,2.2292,0.23,-0.4389,1.5604,0.7802,50
2025-12-31 07:36:20,SQD/USDT:USDT,Bitget,Bybit,0.7981,0.23,-0.2108,0.3573,0.1787,50
2025-12-31 07:37:57,LIT/USDT:USDT,Bybit,Bitget,0.6035,0.23,0.0,0.3735,0.1868,50
2025-12-31 07:38:46,ZKP/USDT:USDT,Bitget,Bybit,1.0974,0.23,0.0177,0.8851,0.4426,50
2025-12-31 07:39:14,PIPPIN/USDT:USDT,Bitget,Gate,0.6408,0.27,0.0237,0.3945,0.1973,50
2025-12-31 07:39:46,ZBT/USDT:USDT,Bitget,Gate,0.3271,0.27,0.0187,0.0758,0.0379,50
2025-12-31 07:40:09,ZRX/USDT:USDT,Bitget,Gate,0.8629,0.27,0.0269,0.6198,0.3099,50
2025-12-31 07:44:22,POLYX/USDT:USDT,Bitget,Bybit,1.1074,0.23,-0.4862,0.3912,0.1956,50
2025-12-31 07:45:37,BEAT/USDT:USDT,Bitget,Gate,1.0862,0.27,-0.0828,0.7334,0.3667,50
2025-12-31 07:50:00,TAKE/USDT:USDT,Gate,Bitget,0.5504,0.27,0.1274,0.4078,0.2039,50
2025-12-31 07:51:44,SQD/USDT:USDT,Bitget,Bybit,0.5799,0.23,-0.1898,0.1601,0.08,50
2025-12-31 07:53:23,LIT/USDT:USDT,Bybit,Bitget,0.571,0.23,0.0,0.341,0.1705,50
2025-12-31 07:54:11,ZKP/USDT:USDT,Bitget,Bybit,0.9629,0.23,0.0185,0.7514,0.3757,50
2025-12-31 07:54:38,NIGHT/USDT:USDT,Bitget,Gate,0.3186,0.27,0.1128,0.1614,0.0807,50
2025-12-31 07:55:13,ZBT/USDT:USDT,Bitget,Gate,0.3925,0.27,0.0375,0.16,0.08,50
2025-12-31 07:55:37,ZRX/USDT:USDT,Bitget,Gate,0.7623,0.27,0.0378,0.5301,0.2651,50
2025-12-31 09:30:15,BEAT/USDT:USDT,Bitget,Gate,0.4601,0.27,-0.0143,0.1758,0.0879,50
2025-12-31 09:36:08,SQD/USDT:USDT,Bitget,Gate,1.1191,0.27,-0.3391,0.51,0.255,50
2025-12-31 09:37:51,LIT/USDT:USDT,Bybit,Bitget,0.5201,0.23,0.0,0.2901,0.145,50
2025-12-31 09:38:41,ZKP/USDT:USDT,Bitget,Bybit,0.5407,0.23,-0.0052,0.3055,0.1527,50
2025-12-31 09:40:14,ZRX/USDT:USDT,Bitget,Bybit,0.7237,0.23,0.0221,0.5157,0.2579,50
2025-12-31 09:45:39,BEAT/USDT:USDT,Bitget,Gate,0.3998,0.27,0.0024,0.1322,0.0661,50
2025-12-31 09:51:27,SQD/USDT:USDT,Bitget,Gate,0.9702,0.27,-0.3253,0.3749,0.1874,50
2025-12-31 09:53:01,LIT/USDT:USDT,Bybit,Bitget,0.6241,0.23,0.0,0.3941,0.197,50
2025-12-31 09:53:47,ZKP/USDT:USDT,Bitget,Bybit,0.4013,0.23,-0.0031,0.1682,0.0841,50
2025-12-31 09:54:47,ZBT/USDT:USDT,Bitget,Gate,0.3326,0.27,-0.0138,0.0488,0.0244,50
2025-12-31 09:55:09,ZRX/USDT:USDT,Bitget,Gate,0.741,0.27,-0.0038,0.4672,0.2336,50
2025-12-31 10:04:57,RIVER/USDT:USDT,Bitget,Bybit,3.0962,0.23,-0.1093,2.757,1.3785,50
2025-12-31 10:06:08,LIGHT/USDT:USDT,Bybit,Bitget,1.7293,0.23,0.1085,1.6078,0.8039,50
2025-12-31 10:06:21,SQD/USDT:USDT,Bitget,Bybit,1.0602,0.23,-0.296,0.5342,0.2671,50
2025-12-31 10:07:56,LIT/USDT:USDT,Bybit,Bitget,0.426,0.23,0.0,0.196,0.098,50
2025-12-31 10:08:45,ZKP/USDT:USDT,Bitget,Bybit,0.4186,0.23,0.0872,0.2758,0.1379,50
2025-12-31 10:09:49,ZBT/USDT:USDT,Bitget,Gate,0.331,0.27,0.0561,0.1171,0.0586,50
2025-12-31 10:10:13,ZRX/USDT:USDT,Bitget,Gate,0.704,0.27,0.0563,0.4903,0.2451,50
2025-12-31 10:20:54,LIGHT/USDT:USDT,Bitget,Gate,0.781,0.27,0.0332,0.5442,0.2721,50
2025-12-31 10:21:06,SQD/USDT:USDT,Bitget,Gate,1.1474,0.27,-0.287,0.5904,0.2952,50
2025-12-31 10:22:37,LIT/USDT:USDT,Bybit,Bitget,0.5294,0.23,-0.006,0.2934,0.1467,50
2025-12-31 10:23:21,ZKP/USDT:USDT,Bitget,Bybit,0.3109,0.23,0.0299,0.1108,0.0554,50
2025-12-31 10:23:48,NIGHT/USDT:USDT,Bitget,Gate,0.3628,0.27,0.0928,0.1856,0.0928,50
2025-12-31 10:24:21,ZBT/USDT:USDT,Bitget,Gate,0.4647,0.27,0.0526,0.2473,0.1236,50
2025-12-31 10:24:44,ZRX/USDT:USDT,Bitget,Gate,0.7375,0.27,0.051,0.5185,0.2593,50
2025-12-31 10:36:18,LIGHT/USDT:USDT,Bitget,Gate,0.7363,0.27,-0.0004,0.4659,0.2329,50
2025-12-31 10:36:34,SQD/USDT:USDT,Bitget,Gate,1.0901,0.27,-0.2622,0.5579,0.279,50
2025-12-31 10:38:24,LIT/USDT:USDT,Bybit,Bitget,0.5974,0.23,-0.0127,0.3548,0.1774,50
2025-12-31 10:40:33,ZBT/USDT:USDT,Bitget,Gate,0.3346,0.27,0.051,0.1156,0.0578,50
2025-12-31 10:40:59,ZRX/USDT:USDT,Bitget,Gate,0.7021,0.27,0.043,0.4751,0.2376,50
2025-12-31 10:52:02,LIGHT/USDT:USDT,Bitget,Gate,1.2674,0.27,0.0803,1.0777,0.5389,50
2025-12-31 10:52:13,SQD/USDT:USDT,Bitget,Bybit,0.9996,0.23,-0.247,0.5227,0.2613,50
2025-12-31 10:53:35,LIT/USDT:USDT,Bybit,Bitget,0.4605,0.23,-0.0123,0.2181,0.1091,50
2025-12-31 10:54:38,NIGHT/USDT:USDT,Bitget,Gate,0.3622,0.27,0.0679,0.1601,0.0801,50
2025-12-31 10:55:10,ZBT/USDT:USDT,Bitget,Gate,0.3373,0.27,0.0469,0.1142,0.0571,50
2025-12-31 10:55:29,ZRX/USDT:USDT,Bitget,Gate,0.7111,0.27,0.036,0.4771,0.2386,50
2025-12-31 10:59:06,POLYX/USDT:USDT,Bitget,Bybit,0.7209,0.23,-0.3678,0.1231,0.0616,50
2025-12-31 11:05:14,LIGHT/USDT:USDT,Bitget,Gate,1.9017,0.27,-0.0136,1.6181,0.809,50
2025-12-31 11:05:25,SQD/USDT:USDT,Bitget,Bybit,0.6862,0.23,-0.2182,0.2381,0.119,50
2025-12-31 11:06:50,LIT/USDT:USDT,Bybit,Bitget,0.5972,0.23,-0.0063,0.3609,0.1804,50
2025-12-31 11:08:24,ZBT/USDT:USDT,Bitget,Gate,0.3364,0.27,0.045,0.1114,0.0557,50
2025-12-31 12:09:31,NIGHT/USDT:USDT,Bitget,Gate,0.3027,0.27,0.1321,0.1648,0.0824,50
2025-12-31 12:10:03,LIT/USDT:USDT,Bybit,Bitget,0.5551,0.23,0.0,0.3251,0.1625,50
2025-12-31 12:12:37,TAKE/USDT:USDT,Gate,Bitget,0.3325,0.27,0.0572,0.1197,0.0598,50
2025-12-31 12:16:27,SQD/USDT:USDT,Bitget,Gate,0.8724,0.27,-0.0107,0.5917,0.2958,50
2025-12-31 12:17:12,ZBT/USDT:USDT,Bitget,Gate,0.4089,0.27,0.0394,0.1783,0.0891,50
2025-12-31 12:20:48,LIGHT/USDT:USDT,Bitget,Gate,0.7704,0.27,0.2927,0.7931,0.3965,50
2025-12-31 12:21:39,CYBER/USDT:USDT,Bitget,Gate,2.1611,0.27,0.1886,2.0797,1.0399,50
2025-12-31 12:22:47,LIT/USDT:USDT,Bybit,Bitget,0.4846,0.23,0.0,0.2546,0.1273,50
2025-12-31 12:25:18,TAKE/USDT:USDT,Gate,Bitget,0.4645,0.27,0.035,0.2295,0.1147,50
2025-12-31 12:28:55,WCT/USDT:USDT,Bitget,Gate,0.319,0.27,-0.0038,0.0452,0.0226,50
2025-12-31 12:29:13,SQD/USDT:USDT,Bitget,Gate,0.8897,0.27,-0.0085,0.6112,0.3056,50
2025-12-31 12:30:01,ZBT/USDT:USDT,Bitget,Gate,0.3423,0.27,0.042,0.1143,0.0572,50
2025-12-31 12:33:46,LIGHT/USDT:USDT,Bitget,Gate,0.8301,0.27,0.4673,1.0274,0.5137,50
2025-12-31 12:34:36,CYBER/USDT:USDT,Bitget,Gate,2.306,0.27,0.3917,2.4277,1.2139,50
2025-12-31 12:35:48,LIT/USDT:USDT,Bybit,Bitget,0.5321,0.23,0.0,0.3021,0.1511,50
2025-12-31 13:34:44,TAKE/USDT:USDT,Gate,Bitget,0.3799,0.27,0.0633,0.1732,0.0866,50
2025-12-31 13:35:14,ZRX/USDT:USDT,Bitget,Bybit,0.7072,0.23,0.0096,0.4868,0.2434,50
2025-12-31 13:39:14,SQD/USDT:USDT,Bitget,Gate,0.8675,0.27,-0.0679,0.5296,0.2648,50
2025-12-31 13:40:10,ZBT/USDT:USDT,Bitget,Gate,0.3405,0.27,0.0481,0.1186,0.0593,50
2025-12-31 13:41:22,LYN/USDT:USDT,Bybit,Bitget,0.3467,0.23,0.0861,0.2028,0.1014,50
2025-12-31 13:44:31,LIGHT/USDT:USDT,Bitget,Gate,0.9073,0.27,0.5798,1.2171,0.6086,50
2025-12-31 13:45:29,CYBER/USDT:USDT,Bitget,Gate,1.1436,0.27,0.8316,1.7052,0.8526,50
2025-12-31 13:46:54,LIT/USDT:USDT,Bybit,Bitget,0.397,0.23,-0.0054,0.1616,0.0808,50
2025-12-31 13:50:27,ZRX/USDT:USDT,Bitget,Bybit,0.7462,0.23,-0.0077,0.5084,0.2542,50
2025-12-31 13:54:30,SQD/USDT:USDT,Bitget,Gate,1.0771,0.27,-0.0417,0.7654,0.3827,50
2025-12-31 13:56:35,LYN/USDT:USDT,Bybit,Bitget,0.3366,0.23,0.049,0.1555,0.0778,50
2025-12-31 13:59:46,LIGHT/USDT:USDT,Bitget,Gate,0.6996,0.27,0.5503,0.9799,0.49,50
2025-12-31 14:00:42,CYBER/USDT:USDT,Bitget,Gate,0.8219,0.27,0.759,1.3109,0.6555,50
2025-12-31 14:05:45,ZRX/USDT:USDT,Bitget,Bybit,0.7238,0.23,-0.0457,0.4482,0.2241,50
2025-12-31 14:09:54,SQD/USDT:USDT,Bitget,Gate,0.8357,0.27,-0.0221,0.5436,0.2718,50
2025-12-31 14:11:42,BEAT/USDT:USDT,Bitget,Gate,0.3406,0.27,-0.0001,0.0705,0.0353,50
2025-12-31 14:12:03,LYN/USDT:USDT,Bybit,Bitget,0.3328,0.23,0.0358,0.1386,0.0693,50
2025-12-31 14:15:12,LIGHT/USDT:USDT,Bitget,Gate,0.8347,0.27,0.4677,1.0324,0.5162,50
2025-12-31 14:16:08,CYBER/USDT:USDT,Bitget,Gate,1.2114,0.27,0.7163,1.6577,0.8289,50
2025-12-31 14:20:30,TAKE/USDT:USDT,Gate,Bitget,0.4819,0.27,0.0609,0.2728,0.1364,50
2025-12-31 14:21:03,ZRX/USDT:USDT,Bitget,Bybit,0.7439,0.23,-0.0264,0.4875,0.2437,50
2025-12-31 14:25:10,SQD/USDT:USDT,Bitget,Gate,1.4273,0.27,-0.0044,1.1529,0.5765,50
2025-12-31 14:27:14,LYN/USDT:USDT,Gate,Bitget,0.3768,0.27,-0.0293,0.0775,0.0387,50
2025-12-31 14:46:50,LIGHT/USDT:USDT,Bitget,Gate,1.0084,0.27,0.4322,1.1706,0.5853,50
2025-12-31 14:47:43,CYBER/USDT:USDT,Bitget,Gate,0.767,0.27,0.658,1.155,0.5775,50
2025-12-31 14:49:03,LIT/USDT:USDT,Bybit,Bitget,0.6145,0.23,-0.2478,0.1368,0.0684,50
2025-12-31 14:51:58,TAKE/USDT:USDT,Gate,Bitget,0.4509,0.27,0.0851,0.266,0.133,50
2025-12-31 14:52:30,ZRX/USDT:USDT,Bitget,Bybit,0.6703,0.23,-0.0248,0.4155,0.2078,50
2025-12-31 14:56:36,SQD/USDT:USDT,Bitget,Gate,1.7657,0.27,0.1067,1.6024,0.8012,50
2025-12-31 15:01:55,LIGHT/USDT:USDT,Bitget,Gate,0.5716,0.27,0.5147,0.8163,0.4082,50
2025-12-31 15:02:51,CYBER/USDT:USDT,Bitget,Bybit,0.6098,0.23,0.1201,0.4998,0.2499,50
2025-12-31 15:04:32,LIT/USDT:USDT,Bybit,Bitget,0.6596,0.23,-0.2611,0.1684,0.0842,50
2025-12-31 15:06:53,RIVER/USDT:USDT,Bitget,Bybit,4.2769,0.23,0.0966,4.1435,2.0717,50
2025-12-31 15:07:30,TAKE/USDT:USDT,Gate,Bitget,0.4648,0.27,0.1024,0.2972,0.1486,50
2025-12-31 15:08:03,ZRX/USDT:USDT,Bitget,Bybit,0.6145,0.23,0.0138,0.3983,0.1991,50
2025-12-31 15:12:21,SQD/USDT:USDT,Bitget,Gate,1.087,0.27,0.1103,0.9273,0.4636,50
2025-12-31 15:18:07,LIGHT/USDT:USDT,Bitget,Bybit,0.4818,0.23,0.1804,0.4322,0.2161,50
2025-12-31 15:19:06,CYBER/USDT:USDT,Bitget,Bybit,0.6674,0.23,0.1497,0.5872,0.2936,50
2025-12-31 15:20:36,LIT/USDT:USDT,Bybit,Bitget,0.9104,0.23,-0.2488,0.4316,0.2158,50
2025-12-31 15:22:57,RIVER/USDT:USDT,Bitget,Bybit,4.2572,0.23,0.042,4.0692,2.0346,50
2025-12-31 15:23:35,TAKE/USDT:USDT,Gate,Bitget,0.5767,0.27,0.1062,0.4129,0.2064,50
2025-12-31 15:26:47,POLYX/USDT:USDT,Bitget,Bybit,0.8542,0.23,-0.5174,0.1068,0.0534,50
2025-12-31 15:28:19,SQD/USDT:USDT,Bitget,Gate,0.9293,0.27,0.0983,0.7576,0.3788,50
2025-12-31 15:30:26,LYN/USDT:USDT,Gate,Bybit,0.3417,0.26,0.0839,0.1657,0.0828,50
2025-12-31 15:33:43,LIGHT/USDT:USDT,Bitget,Gate,0.8077,0.27,0.2201,0.7578,0.3789,50
2025-12-31 15:34:34,CYBER/USDT:USDT,Bitget,Bybit,0.5615,0.23,0.1648,0.4963,0.2481,50
2025-12-31 15:38:54,TAKE/USDT:USDT,Gate,Bitget,0.6132,0.27,0.1021,0.4453,0.2227,50
2025-12-31 15:42:10,POLYX/USDT:USDT,Bitget,Bybit,0.7661,0.23,-0.4393,0.0968,0.0484,50
2025-12-31 15:43:33,SQD/USDT:USDT,Bitget,Gate,0.9351,0.27,0.0884,0.7535,0.3767,50
2025-12-31 15:48:41,LIGHT/USDT:USDT,Bitget,Gate,1.4645,0.27,0.1909,1.3854,0.6927,50
2025-12-31 15:49:36,CYBER/USDT:USDT,Bitget,Bybit,0.5481,0.23,0.1742,0.4923,0.2462,50
2025-12-31 15:50:58,LIT/USDT:USDT,Bybit,Bitget,0.8907,0.23,-0.2499,0.4108,0.2054,50
2025-12-31 15:53:58,TAKE/USDT:USDT,Gate,Bitget,0.5638,0.27,0.0954,0.3892,0.1946,50
2025-12-31 15:57:14,POLYX/USDT:USDT,Bitget,Bybit,0.9526,0.23,-0.3715,0.3511,0.1756,50
2025-12-31 15:58:38,SQD/USDT:USDT,Bitget,Gate,0.6831,0.27,0.0797,0.4928,0.2464,50
2025-12-31 16:03:51,LIGHT/USDT:USDT,Bitget,Gate,2.9263,0.27,1.3705,4.0268,2.0134,50
2025-12-31 16:04:45,CYBER/USDT:USDT,Bitget,Bybit,0.5657,0.23,0.2179,0.5536,0.2768,50
2025-12-31 16:06:11,LIT/USDT:USDT,Bybit,Bitget,0.7932,0.23,-0.0493,0.5139,0.257,50
2025-12-31 16:09:10,TAKE/USDT:USDT,Gate,Bitget,0.6075,0.27,0.1984,0.5359,0.268,50
2025-12-31 16:13:50,SQD/USDT:USDT,Bitget,Gate,0.6214,0.27,0.3004,0.6518,0.3259,50
2025-12-31 16:19:05,LIGHT/USDT:USDT,Bitget,Gate,1.9872,0.27,1.0844,2.8016,1.4008,50
2025-12-31 16:19:58,CYBER/USDT:USDT,Bitget,Bybit,0.6674,0.23,0.2568,0.6942,0.3471,50
2025-12-31 16:21:19,LIT/USDT:USDT,Bybit,Bitget,1.0173,0.23,0.0,0.7873,0.3937,50
2025-12-31 16:24:16,TAKE/USDT:USDT,Gate,Bitget,0.5726,0.27,0.1869,0.4895,0.2448,50
2025-12-31 16:28:51,SQD/USDT:USDT,Bitget,Gate,0.6447,0.27,0.2461,0.6208,0.3104,50
2025-12-31 16:34:17,LIGHT/USDT:USDT,Bitget,Gate,1.5855,0.27,0.7536,2.0691,1.0346,50
2025-12-31 16:35:21,CYBER/USDT:USDT,Bitget,Gate,0.797,0.27,0.1626,0.6896,0.3448,50
2025-12-31 16:37:13,LIT/USDT:USDT,Bybit,Bitget,0.8579,0.23,-0.0404,0.5875,0.2938,50
2025-12-31 16:41:12,TAKE/USDT:USDT,Gate,Bitget,0.555,0.27,0.1395,0.4245,0.2122,50
2025-12-31 16:41:57,ZRX/USDT:USDT,Bitget,Bybit,0.5238,0.23,-0.0187,0.2751,0.1375,50
2025-12-31 16:46:18,SQD/USDT:USDT,Bitget,Gate,0.4268,0.27,0.152,0.3088,0.1544,50
2025-12-31 16:48:25,LYN/USDT:USDT,Gate,Bybit,0.3598,0.26,0.1405,0.2403,0.1201,50
2025-12-31 16:51:42,LIGHT/USDT:USDT,Bitget,Gate,1.7107,0.27,0.6046,2.0453,1.0227,50
2025-12-31 16:52:35,CYBER/USDT:USDT,Bitget,Gate,0.6126,0.27,0.1903,0.5329,0.2664,50
2025-12-31 16:54:03,LIT/USDT:USDT,Bybit,Bitget,0.891,0.23,-0.0154,0.6456,0.3228,50
2025-12-31 16:57:05,TAKE/USDT:USDT,Gate,Bitget,0.4923,0.27,0.1473,0.3696,0.1848,50
2025-12-31 16:57:39,ZRX/USDT:USDT,Bitget,Bybit,0.6542,0.23,0.026,0.4502,0.2251,50
2025-12-31 17:01:47,SQD/USDT:USDT,Bitget,Gate,0.5127,0.27,0.113,0.3557,0.1778,50
2025-12-31 17:06:57,LIGHT/USDT:USDT,Bitget,Gate,1.4002,0.27,0.4825,1.6127,0.8063,50
2025-12-31 17:07:52,CYBER/USDT:USDT,Bitget,Gate,0.7125,0.27,0.2465,0.689,0.3445,50
2025-12-31 17:09:14,LIT/USDT:USDT,Bybit,Bitget,0.9641,0.23,0.0,0.7341,0.367,50
2025-12-31 17:12:16,TAKE/USDT:USDT,Gate,Bitget,0.4488,0.27,0.1462,0.325,0.1625,50
2025-12-31 17:12:50,ZRX/USDT:USDT,Bitget,Bybit,0.6871,0.23,0.0564,0.5135,0.2567,50
2025-12-31 17:13:10,ZKP/USDT:USDT,Bybit,Bitget,0.3111,0.23,0.0,0.0811,0.0406,50
2025-12-31 17:16:56,SQD/USDT:USDT,Bitget,Gate,1.0096,0.27,0.1013,0.8409,0.4205,50
2025-12-31 17:18:44,BEAT/USDT:USDT,Gate,Bybit,0.6415,0.26,0.0001,0.3815,0.1908,50
2025-12-31 17:22:13,LIGHT/USDT:USDT,Bitget,Gate,1.5991,0.27,0.6339,1.963,0.9815,50
2025-12-31 17:23:10,CYBER/USDT:USDT,Bitget,Gate,0.6665,0.27,0.268,0.6645,0.3322,50
2025-12-31 17:24:36,LIT/USDT:USDT,Bybit,Bitget,0.8451,0.23,0.0,0.6151,0.3076,50
2025-12-31 17:27:42,TAKE/USDT:USDT,Gate,Bitget,0.3656,0.27,0.1176,0.2132,0.1066,50
2025-12-31 17:32:17,SQD/USDT:USDT,Bitget,Gate,1.2528,0.27,0.1744,1.1572,0.5786,50
2025-12-31 17:37:23,LIGHT/USDT:USDT,Bitget,Gate,1.0956,0.27,0.6488,1.4744,0.7372,50
2025-12-31 17:38:13,CYBER/USDT:USDT,Bitget,Gate,0.6176,0.27,0.2664,0.614,0.307,50
2025-12-31 17:39:31,LIT/USDT:USDT,Bybit,Bitget,0.9158,0.23,0.0,0.6858,0.3429,50
2025-12-31 17:42:23,TAKE/USDT:USDT,Gate,Bitget,0.4394,0.27,0.0939,0.2633,0.1317,50
2025-12-31 17:47:06,SQD/USDT:USDT,Bitget,Gate,0.9478,0.27,0.2088,0.8866,0.4433,50
2025-12-31 17:52:17,LIGHT/USDT:USDT,Bitget,Gate,1.2374,0.27,0.6012,1.5686,0.7843,50
2025-12-31 17:53:11,CYBER/USDT:USDT,Bitget,Gate,0.628,0.27,0.271,0.629,0.3145,50
2025-12-31 17:54:33,LIT/USDT:USDT,Bybit,Bitget,0.9388,0.23,0.0,0.7088,0.3544,50
2025-12-31 17:57:34,TAKE/USDT:USDT,Gate,Bitget,0.3782,0.27,0.0799,0.1881,0.0941,50
2025-12-31 18:02:08,SQD/USDT:USDT,Bitget,Gate,0.9193,0.27,0.2244,0.8737,0.4368,50
2025-12-31 18:04:09,LYN/USDT:USDT,Gate,Bybit,0.4796,0.26,0.1031,0.3227,0.1613,50
2025-12-31 18:07:12,LIGHT/USDT:USDT,Bitget,Gate,1.8245,0.27,0.0587,1.6132,0.8066,50
2025-12-31 18:08:03,CYBER/USDT:USDT,Bitget,Gate,0.5274,0.27,0.3059,0.5633,0.2816,50
2025-12-31 18:09:19,LIT/USDT:USDT,Bybit,Bitget,0.9036,0.23,-0.011,0.6626,0.3313,50
2025-12-31 18:11:55,TAKE/USDT:USDT,Gate,Bitget,0.441,0.27,0.0621,0.2331,0.1166,50
2025-12-31 18:12:25,ZRX/USDT:USDT,Bitget,Bybit,0.6309,0.23,0.0784,0.4793,0.2396,50
2025-12-31 18:15:58,SQD/USDT:USDT,Bitget,Bybit,0.3221,0.23,-0.047,0.0451,0.0226,50
2025-12-31 18:20:30,LIGHT/USDT:USDT,Bitget,Gate,2.0758,0.27,0.1162,1.922,0.961,50
2025-12-31 18:21:19,CYBER/USDT:USDT,Bitget,Gate,0.5419,0.27,0.2966,0.5685,0.2843,50
2025-12-31 18:22:33,LIT/USDT:USDT,Bybit,Bitget,0.8096,0.23,-0.0758,0.5038,0.2519,50
2025-12-31 18:26:04,CYBER/USDT:USDT,Bitget,Gate,0.5156,0.27,0.2922,0.5378,0.2689,50
2025-12-31 18:27:15,LIT/USDT:USDT,Bybit,Bitget,0.845,0.23,-0.0877,0.5273,0.2637,50
2025-12-31 18:29:47,TAKE/USDT:USDT,Gate,Bitget,0.3609,0.27,0.065,0.1559,0.078,50
2025-12-31 18:30:15,ZRX/USDT:USDT,Bitget,Bybit,0.6349,0.23,0.0072,0.4121,0.206,50
2025-12-31 18:38:20,LIGHT/USDT:USDT,Bitget,Gate,4.7363,0.27,0.4351,4.9014,2.4507,50
2025-12-31 18:39:09,CYBER/USDT:USDT,Bitget,Gate,0.5399,0.27,0.2769,0.5468,0.2734,50
2025-12-31 18:40:21,LIT/USDT:USDT,Bybit,Bitget,0.9852,0.23,-0.0966,0.6586,0.3293,50
2025-12-31 18:42:52,TAKE/USDT:USDT,Gate,Bitget,0.3057,0.27,0.0544,0.0901,0.0451,50
2025-12-31 18:46:50,SQD/USDT:USDT,Bitget,Bybit,0.4276,0.23,-0.1063,0.0913,0.0456,50
2025-12-31 18:48:36,LYN/USDT:USDT,Gate,Bybit,0.4662,0.26,0.0972,0.3034,0.1517,50
2025-12-31 18:52:04,CYBER/USDT:USDT,Bitget,Gate,0.4712,0.27,0.2603,0.4615,0.2308,50
2025-12-31 18:53:15,LIT/USDT:USDT,Bybit,Bitget,0.9359,0.23,-0.0986,0.6072,0.3036,50
2025-12-31 18:56:15,ZRX/USDT:USDT,Bitget,Bybit,0.6507,0.23,0.0396,0.4603,0.2302,50
2025-12-31 18:59:43,SQD/USDT:USDT,Bitget,Gate,0.4157,0.27,0.1189,0.2646,0.1323,50
2025-12-31 19:04:10,LIGHT/USDT:USDT,Bitget,Bybit,4.8302,0.23,0.0784,4.6786,2.3393,50
2025-12-31 19:04:58,CYBER/USDT:USDT,Bitget,Gate,0.4738,0.27,0.2751,0.4789,0.2395,50
2025-12-31 19:06:06,LIT/USDT:USDT,Bybit,Bitget,1.1051,0.23,-0.0914,0.7837,0.3918,50
2025-12-31 19:09:07,ZRX/USDT:USDT,Bitget,Bybit,0.6469,0.23,0.0397,0.4566,0.2283,50
2025-12-31 19:11:21,POLYX/USDT:USDT,Bitget,Bybit,0.4971,0.23,-0.1734,0.0937,0.0468,50
2025-12-31 19:12:29,SQD/USDT:USDT,Bitget,Bybit,0.4301,0.23,-0.1132,0.0869,0.0434,50
2025-12-31 19:13:57,BEAT/USDT:USDT,Bitget,Gate,0.712,0.27,-0.0001,0.4419,0.221,50
2025-12-31 19:16:52,LIGHT/USDT:USDT,Bitget,Gate,4.1415,0.27,1.5609,5.4324,2.7162,50
2025-12-31 19:17:40,CYBER/USDT:USDT,Bitget,Gate,0.3957,0.27,0.2643,0.39,0.195,50
2025-12-31 19:18:47,LIT/USDT:USDT,Bybit,Bitget,0.979,0.23,-0.0861,0.6628,0.3314,50
2025-12-31 19:21:18,TAKE/USDT:USDT,Gate,Bitget,0.3258,0.27,0.0579,0.1137,0.0568,50
2025-12-31 19:21:44,ZRX/USDT:USDT,Bitget,Bybit,0.6446,0.23,0.0379,0.4525,0.2262,50
2025-12-31 19:23:59,POLYX/USDT:USDT,Bitget,Bybit,0.5654,0.23,-0.1535,0.1819,0.091,50
2025-12-31 19:25:07,SQD/USDT:USDT,Bitget,Bybit,0.3492,0.23,-0.1041,0.0151,0.0075,50
2025-12-31 19:29:17,LIGHT/USDT:USDT,Bitget,Gate,4.4188,0.27,1.5542,5.703,2.8515,50
2025-12-31 19:30:06,CYBER/USDT:USDT,Bitget,Gate,0.4225,0.27,0.2289,0.3814,0.1907,50
2025-12-31 19:31:13,Q/USDT:USDT,Bitget,Bybit,0.3904,0.23,0.0465,0.2069,0.1035,50
2025-12-31 19:31:14,LIT/USDT:USDT,Bybit,Bitget,0.892,0.23,-0.0777,0.5844,0.2922,50
2025-12-31 19:36:19,POLYX/USDT:USDT,Bitget,Bybit,0.6193,0.23,-0.1351,0.2542,0.1271,50
2025-12-31 19:41:42,LIGHT/USDT:USDT,Bitget,Gate,3.202,0.27,1.5941,4.5261,2.2631,50
2025-12-31 19:42:31,CYBER/USDT:USDT,Bitget,Gate,0.37,0.27,0.2271,0.3271,0.1635,50
2025-12-31 19:43:38,Q/USDT:USDT,Bitget,Bybit,0.4167,0.23,0.0412,0.2279,0.114,50
2025-12-31 19:46:36,ZRX/USDT:USDT,Bitget,Bybit,0.6107,0.23,0.0355,0.4162,0.2081,50
2025-12-31 19:48:48,POLYX/USDT:USDT,Bitget,Bybit,0.701,0.23,-0.1223,0.3486,0.1743,50
2025-12-31 19:55:01,CYBER/USDT:USDT,Bitget,Gate,0.3316,0.27,0.231,0.2926,0.1463,50
2025-12-31 20:07:52,CYBER/USDT:USDT,Bitget,Bybit,0.3587,0.23,0.1838,0.3125,0.1563,50
2025-12-31 20:11:33,TAKE/USDT:USDT,Bitget,Gate,1.7936,0.27,-0.0749,1.4487,0.7243,50
2025-12-31 20:16:17,ZBT/USDT:USDT,Bitget,Gate,0.3445,0.27,-0.0038,0.0707,0.0353,50
2025-12-31 20:20:43,CYBER/USDT:USDT,Bitget,Gate,0.415,0.27,0.1078,0.2528,0.1264,50
2025-12-31 20:21:54,LIT/USDT:USDT,Bybit,Bitget,0.8494,0.23,-0.1561,0.4634,0.2317,50
2025-12-31 20:24:27,TAKE/USDT:USDT,Gate,Bitget,0.3386,0.27,0.1942,0.2628,0.1314,50
2025-12-31 20:33:23,CYBER/USDT:USDT,Bitget,Bybit,0.3311,0.23,0.1822,0.2833,0.1417,50
2025-12-31 20:34:29,LIT/USDT:USDT,Bybit,Bitget,0.8424,0.23,-0.0405,0.5719,0.286,50
2025-12-31 20:45:54,CYBER/USDT:USDT,Bitget,Bybit,0.3503,0.23,0.173,0.2933,0.1466,50
